{
  "name": "underscore",
  "version": "1.8.2",
  "main": "underscore.js",
  "keywords": [
    "util",
    "functional",
    "server",
    "client",
    "browser"
  ],
  "ignore": [
    "docs",
    "test",
    "*.yml",
    "CNAME",
    "index.html",
    "favicon.ico",
    "CONTRIBUTING.md"
  ],
  "homepage": "https://github.com/jashkenas/underscore",
  "_release": "1.8.2",
  "_resolution": {
    "type": "version",
    "tag": "1.8.2",
    "commit": "19db749b190a7cb5a8b7ab1aab42c0e9dc517250"
  },
  "_source": "git://github.com/jashkenas/underscore.git",
  "_target": "~1.8.2",
  "_originalSource": "underscore",
  "_direct": true
}